id;conference_name;start_date;end_date
1;twitter athwart;2024-08-04T16:39:52;2024-08-04T08:12:08
2;astride;2024-08-04T06:48:15;2024-08-04T03:41:37
3;indeed;2024-08-04T05:26:32;2024-08-04T07:49:12
4;pace characterise;2024-08-04T00:40:43;2024-08-04T00:29:23
5;though incentivize helplessly;2024-08-04T21:48:24;2024-08-04T18:50:13
6;lock;2024-08-04T12:29:43;2024-08-04T22:52:49
7;by prize;2024-08-04T19:04:34;2024-08-04T22:27:41
8;vice;2024-08-04T15:00:06;2024-08-04T06:18:40
9;uh-huh repeatedly;2024-08-04T22:53:40;2024-08-04T21:03:55
10;sanctuary;2024-08-04T10:36:18;2024-08-04T20:39:06
